{
    "Modules": {
        "std": {
            "child_modules": {},
            "start_perf": [
                0.30121803283691406,
                0.093571000000000001,
                0.026603000000000002,
                214580,
                226072,
                1684930800.455795,
                196552071232261
            ],
            "Compiled": "Yes",
            "nRouts": 33,
            "end_perf": [
                0.3034210205078125,
                0.094705999999999999,
                0.027622000000000001,
                214580,
                226072,
                196552076733079,
                8589934594,
                0
            ],
            "nQuads": 218,
            "Compiled Times": 9,
            "svclass": [
                "$vcs_nba_dyn_obj",
                0,
                35,
                2,
                2,
                0,
                "sigprop$$",
                0,
                35,
                2,
                2,
                0,
                "process",
                0,
                200,
                8,
                8,
                0,
                "event",
                0,
                34,
                2,
                2,
                0,
                "mailbox",
                0,
                140,
                9,
                9,
                0,
                "semaphore",
                0,
                84,
                5,
                5,
                0
            ],
            "nMops": 528
        },
        "...MASTER...": {
            "child_modules": {
                "tb_openmips": 1,
                "std": 1
            },
            "start_perf": [
                0.29587197303771973,
                0.093571000000000001,
                0.024410000000000001,
                213076,
                226072,
                1684930800.450449,
                196552057882370
            ],
            "nRouts": 5,
            "nQuads": 0,
            "end_perf": [
                0.30113005638122559,
                0.093571000000000001,
                0.026516000000000001,
                214580,
                226072,
                196552071025946,
                0,
                0
            ],
            "nMops": 0
        },
        "tb_openmips": {
            "child_modules": {},
            "start_perf": [
                0.30345392227172852,
                0.094731999999999997,
                0.027629999999999998,
                214580,
                226072,
                1684930800.4580309,
                196552076782858
            ],
            "Compiled": "Yes",
            "nRouts": 191,
            "nQuads": 1794,
            "end_perf": [
                0.3251800537109375,
                0.11547499999999999,
                0.027629999999999998,
                218992,
                226072,
                196552131066693,
                60129542145,
                0
            ],
            "Compiled Times": 8,
            "nMops": 3834
        }
    },
    "stat": {
        "ru_childs_end": {
            "ru_nvcsw": 26,
            "ru_utime_sec": 0.039161000000000001,
            "ru_stime_sec": 0.0083210000000000003,
            "ru_maxrss_kb": 108136,
            "ru_majflt": 0,
            "ru_minflt": 5099,
            "ru_nivcsw": 3
        },
        "ru_self_end": {
            "ru_nvcsw": 46,
            "ru_utime_sec": 0.120711,
            "ru_stime_sec": 0.028164999999999999,
            "ru_maxrss_kb": 116524,
            "ru_majflt": 0,
            "ru_minflt": 10379,
            "ru_nivcsw": 110
        },
        "cpu_cycles_end": 196552148120109,
        "peak_mem_kb": 226072
    },
    "CompUnits": {
        "PT8Cr_d": {
            "out": "PT8Cr_d.o",
            "mod": "tb_openmips",
            "archive": "archive.8/_84043_archive_1.a",
            "bytes": 63632,
            "text": 34374,
            "mode": 4,
            "checksum": 0
        }
    },
    "ObjArchives": [
        {
            "archive": "archive.8/_84043_archive_1.a",
            "size": 179524,
            "objects": [
                [
                    "PT8Cr_d.o",
                    63632
                ],
                [
                    "amcQwB.o",
                    115892
                ]
            ]
        }
    ],
    "reusePaths": {
        "amcQw_d": {
            "icPath": "csrc"
        },
        "reYIK_d": {
            "icPath": "csrc"
        }
    }
}